id,sentence
Beauty_and_Personal_Care-first_200_reviews_0,Opened the package & instant migraine.
Beauty_and_Personal_Care-first_200_reviews_1,I cannot believe the stench.
Beauty_and_Personal_Care-first_200_reviews_2,"I have purchased other packages that did not smell at all so I do not know if these were a damaged shipment or damaged during packaging or what, but the minute I opened the Amazon package I smelled it before I even opened the Terra Tattoos package."
Beauty_and_Personal_Care-first_200_reviews_3,Then I find that the pink inks from the back have smeared all over the fronts of the tattoos.
Beauty_and_Personal_Care-first_200_reviews_4,"Yes, you eventually take the clear part off to apply the tattoo, but I always lay it down with the clear covering first to line it up & I didn‚Äôt want to risk the pink ink transferring to my art projects so it‚Äôs going back."
Beauty_and_Personal_Care-first_200_reviews_5,I‚Äôll update the review when Amazon sends my replacement.
Beauty_and_Personal_Care-first_200_reviews_6,"I‚Äôm upset because now my resin is here & I don‚Äôt have the tattoos to do my project, but I‚Äôm more mad about the fact that I have a massive migraine because of the gasoline fumes that lingered."
Beauty_and_Personal_Care-first_200_reviews_7,"I believe they arrived a week ago, but I didn‚Äôt check the tattoos then as I didn‚Äôt have resin & the smell of gasoline is just as string toast when I opened them to check them as it was last week when I forgot to start the return."
Beauty_and_Personal_Care-first_200_reviews_8,I‚Äôve been sick or I would have done it already.
Beauty_and_Personal_Care-first_200_reviews_9,I really hope the replacement tattoos are okay.
Beauty_and_Personal_Care-first_200_reviews_10,These have massive gaps at pump nozzle.
Beauty_and_Personal_Care-first_200_reviews_11,Tops the list for worst purchase.
Beauty_and_Personal_Care-first_200_reviews_12,Tried these for alcohol inks.
Beauty_and_Personal_Care-first_200_reviews_13,My mistake was not checking that every bottle would spray before filling them.
Beauty_and_Personal_Care-first_200_reviews_14,They both sprayed so I proceeded.
Beauty_and_Personal_Care-first_200_reviews_15,There is a gap where the pump is so if you shake your ink up and down it literally comes out the top which is why these are such a mess and if you knock it over the ink escapes.
Beauty_and_Personal_Care-first_200_reviews_16,"Luckily I worked over my sink or the mess would have been worse, but I‚Äôm still wearing  a lot of ink days later."
Beauty_and_Personal_Care-first_200_reviews_17,These were a debacle start to finish.
Beauty_and_Personal_Care-first_200_reviews_18,I should have checked the bottles better before putting my ink in.
Beauty_and_Personal_Care-first_200_reviews_19,"1/4 work okay, but will still spill ink if knocked over or shaken."
Beauty_and_Personal_Care-first_200_reviews_20,"1/4 spray, but the spray is like a diagonal slash pattern not a nice round spray pattern  1/2 won‚Äôt spray at all."
Beauty_and_Personal_Care-first_200_reviews_21,Literally worst amazon purchase ever & now my inks are trapped in an item I need to return!!!
Beauty_and_Personal_Care-first_200_reviews_22,Bought this for my granddaughter.
Beauty_and_Personal_Care-first_200_reviews_23,Her entire family including her 4 siblings & mom & dad love doing these.
Beauty_and_Personal_Care-first_200_reviews_24,Not sharp enough to cut smoothly.
Beauty_and_Personal_Care-first_200_reviews_25,These are extremely dull and will wreck your nails.
Beauty_and_Personal_Care-first_200_reviews_26,They were not sharpened apparently.
Beauty_and_Personal_Care-first_200_reviews_27,"It‚Äôs a complete waste of money, but luckily Amazon refunded me."
Beauty_and_Personal_Care-first_200_reviews_28,"Pretty, but didn‚Äôt close correctly."
Beauty_and_Personal_Care-first_200_reviews_29,Mine wouldn‚Äôt close correctly so I sent it back.
Beauty_and_Personal_Care-first_200_reviews_30,"It‚Äôs pretty and useful, but expect it to close properly."
Beauty_and_Personal_Care-first_200_reviews_31,Unbottled disappointment I don't often leave negative feedback about products - it really has to be a pretty poorly made product for that to happen.
Beauty_and_Personal_Care-first_200_reviews_32,"Unfortunately, these bottles are super leaky, even with the rollerball tightly secured and the lid properly screwed on."
Beauty_and_Personal_Care-first_200_reviews_33,"The screw-on lids seem a poor fit for the bottles, and one of them leaked all over a leather purse in which the bottle was being carried, ruining it."
Beauty_and_Personal_Care-first_200_reviews_34,"(First world problems, I know)."
Beauty_and_Personal_Care-first_200_reviews_35,"I contacted Amazon to see about a refund, but the only way they would refund the purchase is if I returned the bottles - which are filled with essential oil blends, and I would have to dump it all out to send the bottles back, or buy another set of bottles and try to transfer the oil over."
Beauty_and_Personal_Care-first_200_reviews_36,"For $9 it wasn't worth all that, even with the $5 additional credit they offered, so I had to chalk this up as a loss and a &#34;buyer beware - read the reviews!&#34; So please - read the reviews."
Beauty_and_Personal_Care-first_200_reviews_37,I'm not the only one who had this problem!
Beauty_and_Personal_Care-first_200_reviews_38,"(Also, note the number of people who received a discount or received this product for free in exchange for leaving a review)."
Beauty_and_Personal_Care-first_200_reviews_39,"Based on other reviews, I thought this would be a great product."
Beauty_and_Personal_Care-first_200_reviews_40,"I was surprised and disappointed to discover that this shade is truly colorless on my lips, and it doesn't possess any noticeable plumping factor."
Beauty_and_Personal_Care-first_200_reviews_41,"Also, other reviewers mentioned that this burns quite a bit and I totally disagree."
Beauty_and_Personal_Care-first_200_reviews_42,There is some level of slight burning but it's very subtle.
Beauty_and_Personal_Care-first_200_reviews_43,"I've tried other lip plumpers that work much better, such as the Physician's Formula Plump Potion."
Beauty_and_Personal_Care-first_200_reviews_44,"While very sticky, that particular gloss does do what it's advertised to do."
Beauty_and_Personal_Care-first_200_reviews_45,The NYX Pump it Up gloss really isn't worth the money.
Beauty_and_Personal_Care-first_200_reviews_46,"Anyway, people looking for long-lasting plumping won't really get results from a lip gloss - that usually requires some sort of collagen injection, and I'm not about to go there."
Beauty_and_Personal_Care-first_200_reviews_47,I'll just have to be satisfied with my less-than-Angelina pout and chalk it up to genetics.
Beauty_and_Personal_Care-first_200_reviews_48,Five Stars This stuff smells amazing.... got it for my man.
Beauty_and_Personal_Care-first_200_reviews_49,OK I have used PFB vanish normally and decided to try this set instead.
Beauty_and_Personal_Care-first_200_reviews_50,"Very heavy alcohol with the tend skin, it does work however but its just OK in my book."
Beauty_and_Personal_Care-first_200_reviews_51,I will definitely keep and use but not sure I'd repurchase.
Beauty_and_Personal_Care-first_200_reviews_52,The roller/travel item- its nice that it can be refilled but just doesn't work all that well.
Beauty_and_Personal_Care-first_200_reviews_53,Neutral set flatters most Nice set at a reasonable price.
Beauty_and_Personal_Care-first_200_reviews_54,I got a few for gifts.
Beauty_and_Personal_Care-first_200_reviews_55,I will say the lipstick is a bit grainy/dry but the color is very pretty.
Beauty_and_Personal_Care-first_200_reviews_56,I mix it with balm or gloss to wear
Beauty_and_Personal_Care-first_200_reviews_57,These are very cute but they are quite small and the quality of the clips varies quite a bit.
Beauty_and_Personal_Care-first_200_reviews_58,Beautiful palette- very pleased .
Beauty_and_Personal_Care-first_200_reviews_59,I got one as a gift and one for myself.
Beauty_and_Personal_Care-first_200_reviews_60,Great range of both fun and neutral colors.
Beauty_and_Personal_Care-first_200_reviews_61,"I returned this item because it had terrible coverage, similar to using a skin tone primer."
Beauty_and_Personal_Care-first_200_reviews_62,The consistency is high in dimethicone/silicone ingredients and very low on pigment.<br /><br />Save your money and buy Kryolan brand makeup instead.
Beauty_and_Personal_Care-first_200_reviews_63,Their heaviest coverage covers tattoos and bruises which is exactly what I was looking for.
Beauty_and_Personal_Care-first_200_reviews_64,My favorite colored-hair shampoo and conditioner!!!
Beauty_and_Personal_Care-first_200_reviews_65,The scent is fresh like apples and the lather is nice without being stripping to the hair.
Beauty_and_Personal_Care-first_200_reviews_66,The conditioner replenishes whatever the shampoo removes and did I say I love the scent??
Beauty_and_Personal_Care-first_200_reviews_67,‚ò∫Ô∏è Good sizes for the price....
Beauty_and_Personal_Care-first_200_reviews_68,PSA TO ALL CRAVING DIRT: CHECK YOUR IRON LEVELS!!!!!!!
Beauty_and_Personal_Care-first_200_reviews_69,I used to work for Sephora.
Beauty_and_Personal_Care-first_200_reviews_70,This definitely smells like fresh soil.
Beauty_and_Personal_Care-first_200_reviews_71,We never understood why people actually bought it.
Beauty_and_Personal_Care-first_200_reviews_72,"Decades later, I found out those with anemia and iron deficiency have cravings to eat or smell dirt."
Beauty_and_Personal_Care-first_200_reviews_73,They also get cravings to eat ice.
Beauty_and_Personal_Care-first_200_reviews_74,"Severe anxiety is another symptom and if you drink a lot of caffeine, you are probably low."
Beauty_and_Personal_Care-first_200_reviews_75,"Please see a hematologist to get your iron ferritin checked, asap."
Beauty_and_Personal_Care-first_200_reviews_76,"With 3 girls, we go through a LOT of hair ties!"
Beauty_and_Personal_Care-first_200_reviews_77,These are wonderful and there are a ton of them!!
Beauty_and_Personal_Care-first_200_reviews_78,They fit around my pointer finger‚Ä¶ about 1‚Äù.
Beauty_and_Personal_Care-first_200_reviews_79,Doesn't work for THICK hair .
Beauty_and_Personal_Care-first_200_reviews_80,I have thick hair and have to use 3 of these to keep my hair up.
Beauty_and_Personal_Care-first_200_reviews_81,My hair is about to my collar bone and if it was longer might be easier to keep up.
Beauty_and_Personal_Care-first_200_reviews_82,I thought these were great the first time I tried but then my hair kept falling down so I had to keep adding more clips to keep my hair up.
Beauty_and_Personal_Care-first_200_reviews_83,I will probably just end up purchasing a more expensive higher quality French twist comb for my thick hair.
Beauty_and_Personal_Care-first_200_reviews_84,Oh also the prongs after a few uses are already bending and coming out of shape.
Beauty_and_Personal_Care-first_200_reviews_85,Not a horrible comb but not that good either.
Beauty_and_Personal_Care-first_200_reviews_86,good cetaphil is like the best lotion on planet earth.
Beauty_and_Personal_Care-first_200_reviews_87,super good for sensitive skin
Beauty_and_Personal_Care-first_200_reviews_88,can sleep in it for a day or 2 no problem
Beauty_and_Personal_Care-first_200_reviews_89,Will never go back to disposable razors again!
Beauty_and_Personal_Care-first_200_reviews_90,Bought this for my man & he LOVES it!
Beauty_and_Personal_Care-first_200_reviews_91,He said he will never go back to disposable razors again!
Beauty_and_Personal_Care-first_200_reviews_92,He said there was no learning curve at all switching from disposable to safety razors!
Beauty_and_Personal_Care-first_200_reviews_93,Three Stars Not as easy to apply as liquid eyeliner.
Beauty_and_Personal_Care-first_200_reviews_94,Five Stars Been using this product for years & I love it!
Beauty_and_Personal_Care-first_200_reviews_95,What a nice scrub this is.
Beauty_and_Personal_Care-first_200_reviews_96,Smells so good but light too.
Beauty_and_Personal_Care-first_200_reviews_97,The scrub is effective and the product rinses well.
Beauty_and_Personal_Care-first_200_reviews_98,You will need moisturizer afterward.
Beauty_and_Personal_Care-first_200_reviews_99,I live in AZ so I'm always dry.
Beauty_and_Personal_Care-first_200_reviews_100,This stuff is a luxurious vacation in a bottle.
Beauty_and_Personal_Care-first_200_reviews_101,It smells heavenly but not overwhelming at all.
Beauty_and_Personal_Care-first_200_reviews_102,"My hair is so soft, I didn't need conditioner."
Beauty_and_Personal_Care-first_200_reviews_103,Bets stuff for a fraction of what some cost.
Beauty_and_Personal_Care-first_200_reviews_104,this smells weird I love this brand of sugar scrub but this is the first time I tried the lemon and its weird.
Beauty_and_Personal_Care-first_200_reviews_105,it also was shipped and left out in the heat causing the package to leak so maybe that was the issue.
Beauty_and_Personal_Care-first_200_reviews_106,Put it up off my neck!
Beauty_and_Personal_Care-first_200_reviews_107,I used these from the age of 16.
Beauty_and_Personal_Care-first_200_reviews_108,Waist length hair and TX heat made me a way to get it off my neck.
Beauty_and_Personal_Care-first_200_reviews_109,Wrapping up the hair around my hand and start pinning up.
Beauty_and_Personal_Care-first_200_reviews_110,Holds tightly all day long.
Beauty_and_Personal_Care-first_200_reviews_111,Great sunscreen with minimal smell.
Beauty_and_Personal_Care-first_200_reviews_112,If you spray slowly you'll see some white from the minerals but it rubs in easily.
Beauty_and_Personal_Care-first_200_reviews_113,I put it on every morning.
Beauty_and_Personal_Care-first_200_reviews_114,There is a slight odor but it dissipates quickly.
Beauty_and_Personal_Care-first_200_reviews_115,I kept two and gave one as a gift.
Beauty_and_Personal_Care-first_200_reviews_116,"I bought this to create work appropriate looks, and it works well for that."
Beauty_and_Personal_Care-first_200_reviews_117,"I think it would be a better palate if it included a darker shade, however."
Beauty_and_Personal_Care-first_200_reviews_118,Good mix of matte and shimmer shades.
Beauty_and_Personal_Care-first_200_reviews_119,It's much less expensive ($5?)
Beauty_and_Personal_Care-first_200_reviews_120,on amazon than at CVS.
Beauty_and_Personal_Care-first_200_reviews_121,Great for thick heavy hair.
Beauty_and_Personal_Care-first_200_reviews_122,"One clip will hold my slippery, heavy hair up all day!"
Beauty_and_Personal_Care-first_200_reviews_123,great sunscreen stick I bought this to protect my tattoo from the sun and I think it's going to do a great job.
Beauty_and_Personal_Care-first_200_reviews_124,"The stick is easy to apply, feels nice against my skin, and even smells nice."
Beauty_and_Personal_Care-first_200_reviews_125,Zinc oxide is the way to go when you want strong uv protection.
Beauty_and_Personal_Care-first_200_reviews_126,Great Brand of Zinc Oxide Sunscreens This sunscreen is fantastic.
Beauty_and_Personal_Care-first_200_reviews_127,A lot of zinc oxide sunscreens are greasy or chalky but this has a great consistency - it's thick and rubs in well.
Beauty_and_Personal_Care-first_200_reviews_128,I prefer not to use chemical sunscreens because they don't block the full UV spectrum.
Beauty_and_Personal_Care-first_200_reviews_129,Smells wonderful AND anti bacterial too!
Beauty_and_Personal_Care-first_200_reviews_130,"very cute delivery, not good."
Beauty_and_Personal_Care-first_200_reviews_131,But the product is very nice.
Beauty_and_Personal_Care-first_200_reviews_132,great feeling This facial scrub is wonderful.
Beauty_and_Personal_Care-first_200_reviews_133,Makes my skin feel great.
Beauty_and_Personal_Care-first_200_reviews_134,Wondeful color Love the product!!!
Beauty_and_Personal_Care-first_200_reviews_135,Not what was advertised Not what was advertised
Beauty_and_Personal_Care-first_200_reviews_136,Synthetic feeling Tangled really bad
Beauty_and_Personal_Care-first_200_reviews_137,Love it My favorite oil
Beauty_and_Personal_Care-first_200_reviews_138,"Great Deodorant, but leaves an oily stain on your clothes over time."
Beauty_and_Personal_Care-first_200_reviews_139,"Great deodorant, but leaves an oily stain on your clothing overtime."
Beauty_and_Personal_Care-first_200_reviews_140,Does not help my neck.
Beauty_and_Personal_Care-first_200_reviews_141,"Did not work for me For such an expensive product, I expected to see some results."
Beauty_and_Personal_Care-first_200_reviews_142,There was no difference in my skin.
Beauty_and_Personal_Care-first_200_reviews_143,Great product Easy to apply.
Beauty_and_Personal_Care-first_200_reviews_144,Worked within a few hours (2).
Beauty_and_Personal_Care-first_200_reviews_145,Removes makeup and dirt like magic.
Beauty_and_Personal_Care-first_200_reviews_146,Great brush Works well on all types of hair.
Beauty_and_Personal_Care-first_200_reviews_147,Great undershirt Nice  breathable material
Beauty_and_Personal_Care-first_200_reviews_148,Great brows Last all day
Beauty_and_Personal_Care-first_200_reviews_149,Covers gray with a natural look .
Beauty_and_Personal_Care-first_200_reviews_150,Covers gray with a natural look.
Beauty_and_Personal_Care-first_200_reviews_151,Worth it I was really surprised by how well this covers.
Beauty_and_Personal_Care-first_200_reviews_152,"The applicator is really handy, it also comes with a travel case."
Beauty_and_Personal_Care-first_200_reviews_153,Overall I was satisfied especially at this price point
Beauty_and_Personal_Care-first_200_reviews_154,Very cheaply made Not what I was looking for at all.
Beauty_and_Personal_Care-first_200_reviews_155,Not study by any means
Beauty_and_Personal_Care-first_200_reviews_156,Not kinky hair Very silky and not human kinky hair.
Beauty_and_Personal_Care-first_200_reviews_157,Will not work for my class.
Beauty_and_Personal_Care-first_200_reviews_158,But my fault for not reading more about it before being excited and just buying.
Beauty_and_Personal_Care-first_200_reviews_159,"Good quality On time, good quality,  just what I was looking for."
Beauty_and_Personal_Care-first_200_reviews_160,I really love this bag except putting my 15ml bottles does not ... .
Beauty_and_Personal_Care-first_200_reviews_161,I really love this bag except putting my 15ml bottles does not allow me to be able to use the zipper pouch at the top :( but it is too cute and I am happy either way thank you
Beauty_and_Personal_Care-first_200_reviews_162,Great and lots of choices on lashes easy The magnetic eyeliner and eyelashes kit was actually a great choice for me first time using magnetic.
Beauty_and_Personal_Care-first_200_reviews_163,These lashes were very easy to apply.
Beauty_and_Personal_Care-first_200_reviews_164,I gave adhesion 4 stars but that might have been the way I applied eyeliner??
Beauty_and_Personal_Care-first_200_reviews_165,They did stay put except for a little on end so probably me.
Beauty_and_Personal_Care-first_200_reviews_166,I love the fact you have choices and easy to remove makeup remover or baby oil.
Beauty_and_Personal_Care-first_200_reviews_167,I highly recommend especially if never tried great price.
Beauty_and_Personal_Care-first_200_reviews_168,DOES THE JOB SMELLS GREAT Dove antiperspirant mens spray is my husbands new favorite.
Beauty_and_Personal_Care-first_200_reviews_169,"This does the job all around smell,sweat,and long lasting."
Beauty_and_Personal_Care-first_200_reviews_170,The price and deal cant beat last awhile.
Beauty_and_Personal_Care-first_200_reviews_171,Long hair pulls it all out This brush detangles by pulling out your hair I will gladly send back for a refund no good for long hair
Beauty_and_Personal_Care-first_200_reviews_172,Aveeno they know what they are doing no more dry skin Aveeno really knows how to  Moisturize!
Beauty_and_Personal_Care-first_200_reviews_173,Their was not one thing in the Sam box I did not love.
Beauty_and_Personal_Care-first_200_reviews_174,I believe the prices are right on point and so worth it!
Beauty_and_Personal_Care-first_200_reviews_175,I get dry skin in winter and this makes your skin so so smooth the body yogurt love.
Beauty_and_Personal_Care-first_200_reviews_176,The sheer hydration lotion on hands not greasy so so soft.
Beauty_and_Personal_Care-first_200_reviews_177,I am going to be buying all of these.
Beauty_and_Personal_Care-first_200_reviews_178,Totally recommend to anyone with dry skin.
Beauty_and_Personal_Care-first_200_reviews_179,A MUST BUY CONDITIONER FOR DAMAGED HAIR I have used the shampoo from maple Holistics and WOW use the conditioner them both together OH YES !
Beauty_and_Personal_Care-first_200_reviews_180,"I have damaged hair and this left my looking,smelling,and feeling AMAZING."
Beauty_and_Personal_Care-first_200_reviews_181,I most definitely will continue to invest in this shampoo and conditioner and they make other products.
Beauty_and_Personal_Care-first_200_reviews_182,Argan oil knows what they are doing !
Beauty_and_Personal_Care-first_200_reviews_183,Good deodorant for gel I love secret deodorant but not fond of gel.
Beauty_and_Personal_Care-first_200_reviews_184,I won't be purchasing the gel again.
Beauty_and_Personal_Care-first_200_reviews_185,I just don't like the feeling.
Beauty_and_Personal_Care-first_200_reviews_186,It does the job to those who do like the gel.
Beauty_and_Personal_Care-first_200_reviews_187,These socks are utterly amazing!!!
Beauty_and_Personal_Care-first_200_reviews_188,My feet were very dry and had lots of cracks that even my pedicure lady couldn‚Äôt eliminate with all her tools.
Beauty_and_Personal_Care-first_200_reviews_189,I use these as soon as I get out of the shower.
Beauty_and_Personal_Care-first_200_reviews_190,I lather my heels in a good healing lotion and wear them for the full 60 minutes.
Beauty_and_Personal_Care-first_200_reviews_191,It‚Äôs been about 5 weeks and my cracks are almost fully healed and even my pedicurist was shocked!
Beauty_and_Personal_Care-first_200_reviews_192,DO NOT HESITATE TO BUY!
Beauty_and_Personal_Care-first_200_reviews_193,This is very nice and sturdy.
Beauty_and_Personal_Care-first_200_reviews_194,The only reason I gave it 4 stars instead of 5 is the design is a bit flawed.
Beauty_and_Personal_Care-first_200_reviews_195,The top tier should be higher to accommodate perfumes on the bottom.
Beauty_and_Personal_Care-first_200_reviews_196,I have all the space under the top shelf that I can‚Äôt use because my bottles are too tall.
Beauty_and_Personal_Care-first_200_reviews_197,"This is not the real face cream, after using ... ."
Beauty_and_Personal_Care-first_200_reviews_198,"This is not the real face cream, after using it for 6 weeks I saw 0 results so I went to the store and bought a new one and what a difference in texture, smell, and results..... buyer beware!!!!!!!!!!!"
Beauty_and_Personal_Care-first_200_reviews_199,"One Star This is not the real face wash, buyer beware...!!!!!!!!"
Beauty_and_Personal_Care-first_200_reviews_200,Didn't get all my order.
Beauty_and_Personal_Care-first_200_reviews_201,I would have like to got all the order.
Beauty_and_Personal_Care-first_200_reviews_202,Any way that can happen.
Beauty_and_Personal_Care-first_200_reviews_203,I love the set that was ordered.
Beauty_and_Personal_Care-first_200_reviews_204,That the color was right.
Beauty_and_Personal_Care-first_200_reviews_205,It is very closes to my coloer.
Beauty_and_Personal_Care-first_200_reviews_206,Nice bun It fast way to put your hair up.
Beauty_and_Personal_Care-first_200_reviews_207,Nice to give as a gift Very easy to use and they come in different colors.
Beauty_and_Personal_Care-first_200_reviews_208,Even after taking precautions .
Beauty_and_Personal_Care-first_200_reviews_209,The results are absolutely amazing but I feel sick after using this even though I took precautions.
Beauty_and_Personal_Care-first_200_reviews_210,"I wore gloves, had 3 windows open and 2 fans blowing fumes away."
Beauty_and_Personal_Care-first_200_reviews_211,I also wore a face mask but then switched to swim goggles after the fumes started burning my eyes even before I started blow drying.
Beauty_and_Personal_Care-first_200_reviews_212,Pretty results but this stuff is incredibly noxious.
Beauty_and_Personal_Care-first_200_reviews_213,I probably wont use it again for a long time.
Beauty_and_Personal_Care-first_200_reviews_214,So many scrunchies so little time!
Beauty_and_Personal_Care-first_200_reviews_215,So many different colors and patters.
Beauty_and_Personal_Care-first_200_reviews_216,These have a really nice stretch to them.
Beauty_and_Personal_Care-first_200_reviews_217,Perfect for pulling Natural Black 4C hair into a ponytail.
Beauty_and_Personal_Care-first_200_reviews_218,I can't believe how good the quality is compared to the price.
Beauty_and_Personal_Care-first_200_reviews_219,I think I'll be ordering some more soon!
Beauty_and_Personal_Care-first_200_reviews_220,These headbands are beautiful and best of ... .
Beauty_and_Personal_Care-first_200_reviews_221,These headbands are beautiful and best of all they are firm and won't slide off when I move and bend.
Beauty_and_Personal_Care-first_200_reviews_222,"They are not tight enough to cause pain, they are just right."
Beauty_and_Personal_Care-first_200_reviews_223,I'm very happy with my purchase.
Beauty_and_Personal_Care-first_200_reviews_224,Hair Free for Me This cream is amazing!
Beauty_and_Personal_Care-first_200_reviews_225,In just 8 short minutes this cream completely dissolved all the hair on my face!
Beauty_and_Personal_Care-first_200_reviews_226,"I just slather it on the hairy areas under my cheeks and upper lip, wait and wipe."
Beauty_and_Personal_Care-first_200_reviews_227,So easy and my face is so smooth and hair free.
Beauty_and_Personal_Care-first_200_reviews_228,I LOVE this cream and will always use it.
Beauty_and_Personal_Care-first_200_reviews_229,This is good and I like it This is good and I like it.
Beauty_and_Personal_Care-first_200_reviews_230,I shaved the hair off my face so that was my goal.
Beauty_and_Personal_Care-first_200_reviews_231,It doesn't hurt at all.
Beauty_and_Personal_Care-first_200_reviews_232,I enjoy my headbands I enjoy my headbands.
Beauty_and_Personal_Care-first_200_reviews_233,They fit snugly against my head and are sturdy.
Beauty_and_Personal_Care-first_200_reviews_234,"I don't like flimsy headbands so these were perfect and they're pretty, too!"
Beauty_and_Personal_Care-first_200_reviews_235,"excellent product Great product, arrived quickly and was glad I ordered it, came with a lot of extras that would come in handy later."
Beauty_and_Personal_Care-first_200_reviews_236,Best at home Dip Kit!!!!
Beauty_and_Personal_Care-first_200_reviews_237,I have been doing my nails with the dip for over a year.
Beauty_and_Personal_Care-first_200_reviews_238,This is the best kit out there and the price is right!!!
Beauty_and_Personal_Care-first_200_reviews_239,"Works well This is a nice product, works well without hardening up one's hair so the hair remains soft to the touch."
Beauty_and_Personal_Care-first_200_reviews_240,"It's easy to use, has a pleasant smell."
Beauty_and_Personal_Care-first_200_reviews_241,I only gave 4 stars because I still miss Frieda Sea Salt Spray which they don't make anymore.
Beauty_and_Personal_Care-first_200_reviews_242,"However, this is my new go to so if you have to have an alternative, this would be it."
Beauty_and_Personal_Care-first_200_reviews_243,Will buy again and again This product is great for the skin.
Beauty_and_Personal_Care-first_200_reviews_244,I have dryness on my legs and within a day or two my legs were smooth as can be.
Beauty_and_Personal_Care-first_200_reviews_245,I use it right after a shower.
Beauty_and_Personal_Care-first_200_reviews_246,I also really like that it comes with a pump so it's not messy to use.
Beauty_and_Personal_Care-first_200_reviews_247,"It smells good too, very light scent."
Beauty_and_Personal_Care-first_200_reviews_248,Always great Love this product.
Beauty_and_Personal_Care-first_200_reviews_249,"Purchased it for friends and family, especially my father likes it as he is a diabetic and the products really help his skin."
Beauty_and_Personal_Care-first_200_reviews_250,Great purchase I love that I can rinse it clean and hang in my shower to dry.
Beauty_and_Personal_Care-first_200_reviews_251,I love the honey flavor because it's not over powering and ... .
Beauty_and_Personal_Care-first_200_reviews_252,"Totally worth the money, I love the honey flavor because it's not over powering and too artificial like other balms."
Beauty_and_Personal_Care-first_200_reviews_253,"Five Stars I love using this so much, it's good for anything and totally worth the money spent on it."
Beauty_and_Personal_Care-first_200_reviews_254,Soft on hair I like the softnesses of these hair ties.
Beauty_and_Personal_Care-first_200_reviews_255,I have fine hair and they do not break my hair like others.<br />I would love to see them in brighter colors.
Beauty_and_Personal_Care-first_200_reviews_256,Lots of space for products This was just what I needed for my bath and beauty products.
Beauty_and_Personal_Care-first_200_reviews_257,"The handle is kinda funky, but my bathroom counter looks so much better now."
Beauty_and_Personal_Care-first_200_reviews_258,... night my feet are so smooth I would highly recommend it!
Beauty_and_Personal_Care-first_200_reviews_259,This worked after the first night my feet are so smooth I would highly recommend it!
Beauty_and_Personal_Care-first_200_reviews_260,"Very opalescent, pretty color ."
Beauty_and_Personal_Care-first_200_reviews_261,This is a very sheer polish.
Beauty_and_Personal_Care-first_200_reviews_262,I have a base coat and two coats of polish on.
Beauty_and_Personal_Care-first_200_reviews_263,Five Stars wife likes it!
Beauty_and_Personal_Care-first_200_reviews_264,No issues with it at all.
Beauty_and_Personal_Care-first_200_reviews_265,Bought one for a friend of mine.
Beauty_and_Personal_Care-first_200_reviews_266,"Decent product, can't stand the scent ."
Beauty_and_Personal_Care-first_200_reviews_267,"It's decent, but for Aveeno, disappointed in scent."
Beauty_and_Personal_Care-first_200_reviews_268,"For an Aveeno product, disappointed ."
Beauty_and_Personal_Care-first_200_reviews_269,"The smell, scent of this product is cheap and overpowering."
Beauty_and_Personal_Care-first_200_reviews_270,Totally disappointed given brand name.
Beauty_and_Personal_Care-first_200_reviews_271,Will never buy this again.
Beauty_and_Personal_Care-first_200_reviews_272,"Conditioner does give softness, but leaves an obvious film."
Beauty_and_Personal_Care-first_200_reviews_273,Not great for sensitive scalps.
Beauty_and_Personal_Care-first_200_reviews_274,Itchiness and almost greasy within a day.
Beauty_and_Personal_Care-first_200_reviews_275,Darker & redder than expected .
Beauty_and_Personal_Care-first_200_reviews_276,Box bottles are very similar in the use and design.
Beauty_and_Personal_Care-first_200_reviews_277,Let's say it's just a bit darker and more red undertones than expected.
Beauty_and_Personal_Care-first_200_reviews_278,"Grey's visible in a month, and previous bleach regions (over a year old) could be seen."
Beauty_and_Personal_Care-first_200_reviews_279,Poor consistent saturation of color.
Beauty_and_Personal_Care-first_200_reviews_280,Shipment preparation needs quality control!
Beauty_and_Personal_Care-first_200_reviews_281,Bottle tops were not taped shut and so product leaked from containers into the outside packaging.
Beauty_and_Personal_Care-first_200_reviews_282,Previous shipment of this product was securely taped without leakage.
Beauty_and_Personal_Care-first_200_reviews_283,One Star This greasy makeup is not worth the money.
Beauty_and_Personal_Care-first_200_reviews_284,Lightweight & fair sized .
Beauty_and_Personal_Care-first_200_reviews_285,"Has a hole at the top so it can be hung up with anything, not just the little hook provided."
Beauty_and_Personal_Care-first_200_reviews_286,"Large and full, BUT they are not well made."
Beauty_and_Personal_Care-first_200_reviews_287,"Will recommend!.....UPDATE, these are falling apart by second use."
Beauty_and_Personal_Care-first_200_reviews_288,Broke after one month of light use.
Beauty_and_Personal_Care-first_200_reviews_289,Just outside of the return window üòí .
Beauty_and_Personal_Care-first_200_reviews_290,This is just days outside of the return window.
Beauty_and_Personal_Care-first_200_reviews_291,I haven‚Äôt used it the full month because it took me a while to open it up and try it.
Beauty_and_Personal_Care-first_200_reviews_292,I really like this lipstick.
Beauty_and_Personal_Care-first_200_reviews_293,"It is not overpowering, more of a nice subtle coloring for your lips."
Beauty_and_Personal_Care-first_200_reviews_294,I have a light skin tone - freckle nose reddish hair type of skin color and the berry smoothie works well for me.
Beauty_and_Personal_Care-first_200_reviews_295,"Great price, works well ."
Beauty_and_Personal_Care-first_200_reviews_296,i think these work really well.
Beauty_and_Personal_Care-first_200_reviews_297,so so Definitely not the color I expected w the purple.
Beauty_and_Personal_Care-first_200_reviews_298,I poked a hole in the plastic so it didn't come out too fast.
Beauty_and_Personal_Care-first_200_reviews_299,I have not had any issues w glitter all over my face like some have said.
Beauty_and_Personal_Care-first_200_reviews_300,Love I love this eyeshadow.
Beauty_and_Personal_Care-first_200_reviews_301,It's the only kind I ever want to use again!
Beauty_and_Personal_Care-first_200_reviews_302,Too big Items are to large
Beauty_and_Personal_Care-first_200_reviews_303,Five Stars Does what is supposed to
Beauty_and_Personal_Care-first_200_reviews_304,Nose hair trimmer The nose hair trimmer has attachments to use as a hair groomer also.
Beauty_and_Personal_Care-first_200_reviews_305,Chanel - Gentle Eye Make Up Remover .
Beauty_and_Personal_Care-first_200_reviews_306,I bought the Chanel - Gentle Eye Make Up Remover and it works great.
Beauty_and_Personal_Care-first_200_reviews_307,Not greasy & actually removes my waterproof mascara & eyeliner easily.
Beauty_and_Personal_Care-first_200_reviews_308,Just make sure you shake it to mix before each use
Beauty_and_Personal_Care-first_200_reviews_309,Clinique All About Clean 2-in-1 Cleansing exfoliator .
Beauty_and_Personal_Care-first_200_reviews_310,Clinique All About Clean 2-in-1 Cleansing Exfoliator.
Beauty_and_Personal_Care-first_200_reviews_311,It makes your face feel extra clean and smooth.
Beauty_and_Personal_Care-first_200_reviews_312,"The exfoliators are wonderful at refreshing dry, dull skin"
Beauty_and_Personal_Care-first_200_reviews_313,Straight Edge Razor Blades Disposable Lamoutor 100Pcs Single Edge Razor Blade Steel Industrial Disposable Straight Edge
Beauty_and_Personal_Care-first_200_reviews_314,Arishine Magnetic Eyeliner The Arishine Magnetic Eyeliner is waterproof and smudge resistant.
Beauty_and_Personal_Care-first_200_reviews_315,"It actually stays on, unlike some eyeliners which come off the second your eyes water or something."
Beauty_and_Personal_Care-first_200_reviews_316,It goes on smoothly &  it holds the eyelashes on nice and secure.
Beauty_and_Personal_Care-first_200_reviews_317,It does all this at a fraction of the price I was paying from the eyelash companies.
Beauty_and_Personal_Care-first_200_reviews_318,I will definitely be buying this again
Beauty_and_Personal_Care-first_200_reviews_319,Red lip tint Bright red lip tint stays on lips all day.
Beauty_and_Personal_Care-first_200_reviews_320,Feels like velvet on the lips.
Beauty_and_Personal_Care-first_200_reviews_321,"Smudges a little bit, but after really, really dry, it stays put."
Beauty_and_Personal_Care-first_200_reviews_322,"Lip plumper Doesn‚Äôt plump lips as much as expected, but does plump lips a bit and makes a great gloss."
Beauty_and_Personal_Care-first_200_reviews_323,Long wearing lipstick Love it!
Beauty_and_Personal_Care-first_200_reviews_324,When in construction in South Florida ClubMan helps alleviate the inevitable chafing.
Beauty_and_Personal_Care-first_200_reviews_325,My husband has tried others but ALWAYS goes back to Pinaud.
Beauty_and_Personal_Care-first_200_reviews_326,Also the 3 pack is a great price.
Beauty_and_Personal_Care-first_200_reviews_327,shipping was faster than projected.
Beauty_and_Personal_Care-first_200_reviews_328,GREAT DEAL ALL THE WAY AROUND.
Beauty_and_Personal_Care-first_200_reviews_329,Love it Love this....it's cute and has plenty of room
Beauty_and_Personal_Care-first_200_reviews_330,Lovely metal case I like the easy way I can use these.
Beauty_and_Personal_Care-first_200_reviews_331,And because they are in a case they are easy to find.
Beauty_and_Personal_Care-first_200_reviews_332,Combs The combs are for my 7 yr old great nephew.
Beauty_and_Personal_Care-first_200_reviews_333,He is just growing his hair out.
Beauty_and_Personal_Care-first_200_reviews_334,It is very sturdy plastic.
Beauty_and_Personal_Care-first_200_reviews_335,"Good Very light weight, easy to use, good item for the price"
Beauty_and_Personal_Care-first_200_reviews_336,"Great product Really like this product, very shiny and keeps nails strong."
Beauty_and_Personal_Care-first_200_reviews_337,All of tammy taylor products are awesome!
Beauty_and_Personal_Care-first_200_reviews_338,People find these butterfly barrettes fascinating‚Ä¶ .
Beauty_and_Personal_Care-first_200_reviews_339,Not much to learn‚Ä¶just two small hair clips doing what they were designed to do .
Beauty_and_Personal_Care-first_200_reviews_340,"Nothing to dislike, the hair clips do what they were designed to do"
Beauty_and_Personal_Care-first_200_reviews_341,Pretty butterfly hair clip It‚Äôs as ordered
Beauty_and_Personal_Care-first_200_reviews_342,Clips are pretty but need a longer clip to attach to hair.. .
Beauty_and_Personal_Care-first_200_reviews_343,Too big I like thee combs but they are.
Beauty_and_Personal_Care-first_200_reviews_344,all too big and bulky
Beauty_and_Personal_Care-first_200_reviews_345,Handy for travelingp It‚Äôs good but there isn‚Äôt very much of them for the price
Beauty_and_Personal_Care-first_200_reviews_346,I DONT know if I would like this or not because neither I nor my husband could get it open!
Beauty_and_Personal_Care-first_200_reviews_347,Won‚Äôt last the day .
Beauty_and_Personal_Care-first_200_reviews_348,This removes bags under my eyes for a couple of hours but it‚Äôs much too expensive
Beauty_and_Personal_Care-first_200_reviews_349,Works okay and doesn‚Äôt make me break out .
Beauty_and_Personal_Care-first_200_reviews_350,Not perfect but better than nothing during long dry summer days
Beauty_and_Personal_Care-first_200_reviews_351,"It works, I dilute it with water because it stings my scalp ."
Beauty_and_Personal_Care-first_200_reviews_352,Leaves my face clean and ready for either makeup or face cream at night.. .
Beauty_and_Personal_Care-first_200_reviews_353,I like this liquid face soap works just fine and I‚Äôve been using it for years.
Beauty_and_Personal_Care-first_200_reviews_354,Great but too expensive I‚Äôve always liked everything about this soap except the hefty price...
Beauty_and_Personal_Care-first_200_reviews_355,Easy to use eyeliner but.... .
Beauty_and_Personal_Care-first_200_reviews_356,"This is a good product but it doesn't last very long, making it quite expensive.."
Beauty_and_Personal_Care-first_200_reviews_357,Excellent product I've been using this for years and I love it.
Beauty_and_Personal_Care-first_200_reviews_358,I think it makes me look younger and rested.
Beauty_and_Personal_Care-first_200_reviews_359,Good makeup brushes I have never ordered special makeup brushes before so I dont know how to compare them to the rest.
Beauty_and_Personal_Care-first_200_reviews_360,I am happy enough with them and they were inexpensive.
Beauty_and_Personal_Care-first_200_reviews_361,Great hair color Great color and great product for an 80 year old
Beauty_and_Personal_Care-first_200_reviews_362,Handle carefully My old thinning shears only cut about one out of 100 hairs so I assumed this one would too but I was wrong.
Beauty_and_Personal_Care-first_200_reviews_363,They cut a huge chunk of my hair  right on the front side where it is very noticeable.
Beauty_and_Personal_Care-first_200_reviews_364,"I'll be more careful now, but the damage is done until my hair grows out again...watch out, the shears are more like regular shears."
Beauty_and_Personal_Care-first_200_reviews_365,"Other than that, both shears are of good quality and I'm happy to have them."
Beauty_and_Personal_Care-first_200_reviews_366,"Good value, good quality ."
Beauty_and_Personal_Care-first_200_reviews_367,Product is the quality I expected and the value is very good.
Beauty_and_Personal_Care-first_200_reviews_368,Great deal great quality Better than expected
Beauty_and_Personal_Care-first_200_reviews_369,Works fast Amazing what this nose butter did for my bulldog's nose.
Beauty_and_Personal_Care-first_200_reviews_370,"She had crusty layers of dry dead skin and within 4 days of using the product 2 to 3 times a day, her nose is like when she was a puppy, soft, smooth and moist."
Beauty_and_Personal_Care-first_200_reviews_371,I will always have this product on hand for her.
Beauty_and_Personal_Care-first_200_reviews_372,I didn't think a scent would be an advantage and could be bothersome.
Beauty_and_Personal_Care-first_200_reviews_373,The color is awesome though.
Beauty_and_Personal_Care-first_200_reviews_374,Wand is way to thick if you want to use it as liner.
Beauty_and_Personal_Care-first_200_reviews_375,Gets all over your lashes and no it does not stay on.
Beauty_and_Personal_Care-first_200_reviews_376,Well it does not stay on like t says.
Beauty_and_Personal_Care-first_200_reviews_377,"And the dark brown is not brown, it's rust/copper."
Beauty_and_Personal_Care-first_200_reviews_378,I gave this is product months of testing before deciding this was an absolute waste of my money.
Beauty_and_Personal_Care-first_200_reviews_379,I wouldn't mind the time it takes to complete if it lastest more than a couple days.
Beauty_and_Personal_Care-first_200_reviews_380,The product is thick and peels up easily then they just pull off after that.
Beauty_and_Personal_Care-first_200_reviews_381,Great aftershave with manly scent.
Beauty_and_Personal_Care-first_200_reviews_382,Works wonders on my sensitive skin.
Beauty_and_Personal_Care-first_200_reviews_383,Use it in minor nicks and cuts and even acne spots to clear up my skin beautifully.
Beauty_and_Personal_Care-first_200_reviews_384,"Works wonders.<br />They have other scents as well and I like all of them, but the classic is my favorite."
Beauty_and_Personal_Care-first_200_reviews_385,This is a perfectly hydrating lotion with a light manly scent.
Beauty_and_Personal_Care-first_200_reviews_386,Works great for daily use or weekly if you don't want to use daily.
Beauty_and_Personal_Care-first_200_reviews_387,I have been using it for 5 years and it has helped me a ton.
Beauty_and_Personal_Care-first_200_reviews_388,Especially in the cold dry winter months.
Beauty_and_Personal_Care-first_200_reviews_389,I tried them I have used silicone patches for my upper chest with good results.
Beauty_and_Personal_Care-first_200_reviews_390,I have some light wrinkling on my upper lip and though silicone patches would work well there.
Beauty_and_Personal_Care-first_200_reviews_391,I purchased these.<br /><br />I wear my patches to bed.
Beauty_and_Personal_Care-first_200_reviews_392,"The first time I wore this patch, it fell off in my bed."
Beauty_and_Personal_Care-first_200_reviews_393,I had to search for it the next morning.
Beauty_and_Personal_Care-first_200_reviews_394,I then wore the second patch.
Beauty_and_Personal_Care-first_200_reviews_395,"It fell off during the night, also."
Beauty_and_Personal_Care-first_200_reviews_396,Falling off defeats the purpose.
Beauty_and_Personal_Care-first_200_reviews_397,"They do not stay on; so therefore, aren‚Äôt beneficial."
Beauty_and_Personal_Care-first_200_reviews_398,Great for skincare An esthetician recommended these to me.
Beauty_and_Personal_Care-first_200_reviews_399,I sort of blew the suggestion off.
Beauty_and_Personal_Care-first_200_reviews_400,"Cotton pads are cotton pads, right?"
Beauty_and_Personal_Care-first_200_reviews_401,Why pay more for cotton pads?<br /><br />I tend to run through skin care products quickly.
Beauty_and_Personal_Care-first_200_reviews_402,"I decided to try these and now use them faithfully.<br /><br />Regular cotton pads tend to soak up all the product, leaving it in the cotton, instead of on your face."
Beauty_and_Personal_Care-first_200_reviews_403,These don‚Äôt soak it all up.
Beauty_and_Personal_Care-first_200_reviews_404,They allow you to put the product on your skin.
Beauty_and_Personal_Care-first_200_reviews_405,Less waste of products.<br /><br />They are soft on your skin.
Beauty_and_Personal_Care-first_200_reviews_406,I was let down I have used a similar product from a different company that was sort of expensive.
Beauty_and_Personal_Care-first_200_reviews_407,I thought I would try this set.
Beauty_and_Personal_Care-first_200_reviews_408,"It seemed like a good deal, especially with all the different pieces.<br /><br />The chest piece was fine and seemed to work."
Beauty_and_Personal_Care-first_200_reviews_409,"The forehead piece was so, so."
Beauty_and_Personal_Care-first_200_reviews_410,"It covered the forehead, but the part that goes down between the eyes didn‚Äôt cover that well and didn‚Äôt stay adhered."
Beauty_and_Personal_Care-first_200_reviews_411,"I wanted it to treat the vertical lines above my nose, between the eyes, but it didn‚Äôt work for that."
Beauty_and_Personal_Care-first_200_reviews_412,"The pieces for under the eyes didn‚Äôt stay on, thus didn‚Äôt work for those lines."
Beauty_and_Personal_Care-first_200_reviews_413,The other pieces in the kit were odd shaped and not appropriate for any where.
Beauty_and_Personal_Care-first_200_reviews_414,"I wanted to treat the lines on my upper lip, but none of the pieces would work."
Beauty_and_Personal_Care-first_200_reviews_415,I really like this stuff I originally got this product elsewhere.
Beauty_and_Personal_Care-first_200_reviews_416,This was my third bottle.
Beauty_and_Personal_Care-first_200_reviews_417,I didn‚Äôt notice a scent.
Beauty_and_Personal_Care-first_200_reviews_418,I do wish it were a bit less expensive.
Beauty_and_Personal_Care-first_200_reviews_419,The designs were larger than expected.
Beauty_and_Personal_Care-first_200_reviews_420,I thought there would be a cute little design on the clips.
Beauty_and_Personal_Care-first_200_reviews_421,"What I received was larger, cheap looking, kids dress up things."
Beauty_and_Personal_Care-first_200_reviews_422,"Less sweat, dried feet ."
Beauty_and_Personal_Care-first_200_reviews_423,I am on the fence about this product.
Beauty_and_Personal_Care-first_200_reviews_424,It states to apply 3 times a day at first.
Beauty_and_Personal_Care-first_200_reviews_425,Who has time for that?
Beauty_and_Personal_Care-first_200_reviews_426,I did apply at least twice a day.
Beauty_and_Personal_Care-first_200_reviews_427,"For the first few days, it did nothing."
Beauty_and_Personal_Care-first_200_reviews_428,"After repeated use, it started to help decrease the sweating of my feed."
Beauty_and_Personal_Care-first_200_reviews_429,"It does state this in the directions.<br /><br />It dries the feet out, which I guess is the point, but aesthetically speaking, it doesn‚Äôt look great."
Beauty_and_Personal_Care-first_200_reviews_430,"I want nice looking feet , not over dried looking.<br /><br />The bottle is pretty small ."
Beauty_and_Personal_Care-first_200_reviews_431,It lasted about a month.
Beauty_and_Personal_Care-first_200_reviews_432,"I did buy another bottle, so I could really decide whether I liked it or not.<br /><br />I am still deciding whether to buy another or not."
Beauty_and_Personal_Care-first_200_reviews_433,"Don‚Äôt like how my feet look when using it, but I like having less sweaty feet."
Beauty_and_Personal_Care-first_200_reviews_434,"I am wondering how it would work if just used during exercise, when the sweating is worse."
Beauty_and_Personal_Care-first_200_reviews_435,No compact to carry and break I bought a pack of these years ago.
Beauty_and_Personal_Care-first_200_reviews_436,"I used them, then put them to the back of my mind.<br /><br />I don‚Äôt wear makeup to work, but have noticed some shine in my tzone."
Beauty_and_Personal_Care-first_200_reviews_437,I didn‚Äôt want to carry around a compact.
Beauty_and_Personal_Care-first_200_reviews_438,I can be rough with my work bag.
Beauty_and_Personal_Care-first_200_reviews_439,I bought some oil blotting papers at a store near me.
Beauty_and_Personal_Care-first_200_reviews_440,"I tried a couple different ones, but wasn‚Äôt really happy."
Beauty_and_Personal_Care-first_200_reviews_441,I then remembered these babies.
Beauty_and_Personal_Care-first_200_reviews_442,I found them on Amazon and bought a 3 pack.<br /><br />They are compact and easy to carry.
Beauty_and_Personal_Care-first_200_reviews_443,"They have rice powder on them, so it‚Äôs like you get to powder your nose at the same time."
Beauty_and_Personal_Care-first_200_reviews_444,They also work on my fair skin.
Beauty_and_Personal_Care-first_200_reviews_445,So so I was expecting a better quality print.
Beauty_and_Personal_Care-first_200_reviews_446,"So small so have to be kidding me Strange item, so tiny and hard to use..."
Beauty_and_Personal_Care-first_200_reviews_447,"I will not purchase again, way to expensive for such a small item"
Beauty_and_Personal_Care-first_200_reviews_448,Look great but don't last long .
Beauty_and_Personal_Care-first_200_reviews_449,"Easy to put on, look great - lots of compliments but only last a couple days..."
Beauty_and_Personal_Care-first_200_reviews_450,I prefer the NAIL OG brand
Beauty_and_Personal_Care-first_200_reviews_451,Disappointed I have light brown hair and this did nothing at all
Beauty_and_Personal_Care-first_200_reviews_452,"Not worth it Only one of the suction cups worked and then as soon as I lay on it, it popped off!!"
Beauty_and_Personal_Care-first_200_reviews_453,"Tiny thing, waste of money."
Beauty_and_Personal_Care-first_200_reviews_454,Don't waste ur money .
Beauty_and_Personal_Care-first_200_reviews_455,Worthless  - do no not waste time or money...  no fizz and no fragrance... will NEVER purchase again
Beauty_and_Personal_Care-first_200_reviews_456,Very tiny - maybe for a childs nail .
Beauty_and_Personal_Care-first_200_reviews_457,Cool idea - very hard to place correctly
Beauty_and_Personal_Care-first_200_reviews_458,WOW - amazing product .
Beauty_and_Personal_Care-first_200_reviews_459,wow - talk about looking like false lashes - this stuff is AMAZING - although you will look like a raccoon in the am if you don't take it off at night!
Beauty_and_Personal_Care-first_200_reviews_460,love it wonderful bath salt - smells great
Beauty_and_Personal_Care-first_200_reviews_461,nice product this smells great and leaves your skin very soft
Beauty_and_Personal_Care-first_200_reviews_462,its ok - no biggy .
Beauty_and_Personal_Care-first_200_reviews_463,seems like a nice soap but i don't see any big changes in my skin
Beauty_and_Personal_Care-first_200_reviews_464,beautiful smelling smell nice but small container - not sure if its a good value but i did get about 2 uses from each container and now i use the containers to store my buttons in!
Beauty_and_Personal_Care-first_200_reviews_465,"wonderful item, very relaxing and soothing ."
Beauty_and_Personal_Care-first_200_reviews_466,love love love this item use it every time I take a bath.
Beauty_and_Personal_Care-first_200_reviews_467,Very relaxing and I love the smell and the color that makes the water.
Beauty_and_Personal_Care-first_200_reviews_468,"love this stuff love this bath soak - light candles, soft music and close your eyes - sooo relaxing!!!"
Beauty_and_Personal_Care-first_200_reviews_469,I buy this product at least every other month and use twice a week!
Beauty_and_Personal_Care-first_200_reviews_470,What a beautiful smelling perfume.
Beauty_and_Personal_Care-first_200_reviews_471,I want to spray it on everything its that good.
Beauty_and_Personal_Care-first_200_reviews_472,I'm a sucker for that vanilla scent.
Beauty_and_Personal_Care-first_200_reviews_473,Add the notes of sandalwood and amber and this is a winner!
Beauty_and_Personal_Care-first_200_reviews_474,This dryer will literally blow you away.
Beauty_and_Personal_Care-first_200_reviews_475,Dries my hair in no time.
Beauty_and_Personal_Care-first_200_reviews_476,Easy to hold and buttons are in a convenient place.
Beauty_and_Personal_Care-first_200_reviews_477,Good heat as well as a great cold shot button to set your style.
Beauty_and_Personal_Care-first_200_reviews_478,Also I love the orange/copper color that I ordered.
Beauty_and_Personal_Care-first_200_reviews_479,"Good product Yep, just what I was looking for."
Beauty_and_Personal_Care-first_200_reviews_480,I like that they are not so stiff like all plastic ones.
Beauty_and_Personal_Care-first_200_reviews_481,These have a little give to them.
Beauty_and_Personal_Care-first_200_reviews_482,I could give this product 10 stars Have to give this one 5 stars.
Beauty_and_Personal_Care-first_200_reviews_483,My hair is fine and limp.
Beauty_and_Personal_Care-first_200_reviews_484,Used it yesterday and couldn't believe at the end of the day my hair was still in place and going strong.
Beauty_and_Personal_Care-first_200_reviews_485,"After I washed and dried my hair I lifted parts and gave them a quick squirt let them dry, combed them down a little and did a light spray over the rest of my hair."
Beauty_and_Personal_Care-first_200_reviews_486,I was so glad for that because strong smelling products can sometime put my allergies into a tailspin.
Beauty_and_Personal_Care-first_200_reviews_487,Looking forward to trying more Kenra products since I was so happy with this one.
Beauty_and_Personal_Care-first_200_reviews_488,"A 10 This little tube lasts a long, long time."
Beauty_and_Personal_Care-first_200_reviews_489,Never greasy and sinks right into your skin.
Beauty_and_Personal_Care-first_200_reviews_490,Love the smell Good product.
Beauty_and_Personal_Care-first_200_reviews_491,Love the way it smells
Beauty_and_Personal_Care-first_200_reviews_492,Happy with this product Liked it so much that I went back and bought another one.
Beauty_and_Personal_Care-first_200_reviews_493,Glides on smooth and stays on.
Beauty_and_Personal_Care-first_200_reviews_494,Works well Stays on well and the color is perfect.
Beauty_and_Personal_Care-first_200_reviews_495,No tugging to put it on.
Beauty_and_Personal_Care-first_200_reviews_496,One Star Been using this for a while and it did not do anything for me.
Beauty_and_Personal_Care-first_200_reviews_497,My go to My go to antiperspirant.
Beauty_and_Personal_Care-first_200_reviews_498,Works well with no added fragrance.
Beauty_and_Personal_Care-first_200_reviews_499,Enjoying the my new lip balm.
Beauty_and_Personal_Care-first_200_reviews_500,Tastes great and makes my lips super soft.
Beauty_and_Personal_Care-first_200_reviews_501,I will be getting more of these.
Beauty_and_Personal_Care-first_200_reviews_502,"Love Love, Love, Love these..my favorite is the mint but they are all good."
Beauty_and_Personal_Care-first_200_reviews_503,Keep my lips soft without feeling greasy.
Beauty_and_Personal_Care-first_200_reviews_504,Great option for a contact wearer I love Lash Blast and this Clean version is really good.
Beauty_and_Personal_Care-first_200_reviews_505,As a contact wearer I usually struggle with makeup debris ending up in my eye and causing irritation.
Beauty_and_Personal_Care-first_200_reviews_506,After a couple weeks of use I've had no irritation.
Beauty_and_Personal_Care-first_200_reviews_507,It doesn't smudge as much as the other regular non-waterproof version.
Beauty_and_Personal_Care-first_200_reviews_508,It's very easy to remove with my normal face wash and cleaner.
Beauty_and_Personal_Care-first_200_reviews_509,"Excess ends up in your mouth tasting like Sunblock This product is effective, but it tastes terrible."
Beauty_and_Personal_Care-first_200_reviews_510,It glides on very easily but with lots of excess as the consistency is quite liquid.
Beauty_and_Personal_Care-first_200_reviews_511,"I end up tasting it for hours and it tastes like sunblock, which is terrible to me."
Beauty_and_Personal_Care-first_200_reviews_512,I would give it a better rating if the consistency was more solid like a Burts Bees and maybe less of it would end up in my mouth.
Beauty_and_Personal_Care-first_200_reviews_513,Easy to use good quality product I really like the colors and the consistency of this polygel really easy to use and no strong  odors
Beauty_and_Personal_Care-first_200_reviews_514,"Five Stars Crisp, clean and refreshing."
Beauty_and_Personal_Care-first_200_reviews_515,I need to pay attention to size next time
Beauty_and_Personal_Care-first_200_reviews_516,Let me say I LOVE THIS HAIR SYSTEM !
Beauty_and_Personal_Care-first_200_reviews_517,I have spent more money on Moroccan Oil and Monat and  olaplex etc.... and finally  tried CHI and it has made my hair soft and silky I can‚Äôt believe it.
Beauty_and_Personal_Care-first_200_reviews_518,I will not buy anything else now.
Beauty_and_Personal_Care-first_200_reviews_519,I love it and am happy.
Beauty_and_Personal_Care-first_200_reviews_520,Great ingredients Used a while now and I like it
Beauty_and_Personal_Care-first_200_reviews_521,Cleans and softens I really liked this body wash.
Beauty_and_Personal_Care-first_200_reviews_522,It has a nice smell and thickness and washes off your body easily.
Beauty_and_Personal_Care-first_200_reviews_523,WONDERFUL smell I LOVE the smell of this shampoo and it does a pretty nice job but is a bit expensive
Beauty_and_Personal_Care-first_200_reviews_524,Four Stars Works as expected.
Beauty_and_Personal_Care-first_200_reviews_525,"Four Stars I don't use the polishing feature, but the unit assists filing toe nails."
Beauty_and_Personal_Care-first_200_reviews_526,Five Stars Refreshing forest fragrance.
Beauty_and_Personal_Care-first_200_reviews_527,Okay Product very shiny but does peel
Beauty_and_Personal_Care-first_200_reviews_528,"Easy way to handle a pony, making it look classy at the same time."
